ID,teamName,year,avgPPD,oppTO,penalties,TO,wins,roundedTO,roundedPPD,roundedOppTO,roundedPenalties,playoffs
26,atl,2019,2.15,20,119,25,7,25,2,20,120,NO
28,car,2019,1.73,21,87,35,5,35,1.5,20,90,NO
23,chi,2019,1.5,19,103,19,8,20,1.5,20,105,NO
8,cin,2019,1.53,16,93,30,2,30,1.5,15,90,NO
7,cle,2019,1.84,20,122,28,6,30,2,20,120,NO
11,clt,2019,2,23,79,21,7,20,2,25,75,NO
32,crd,2019,2.02,17,121,18,5,20,2,15,120,NO
18,dal,2019,2.43,17,109,18,8,20,2.5,15,105,NO
14,den,2019,1.62,17,110,16,7,15,1.5,15,105,NO
24,det,2019,1.78,18,113,23,3,25,2,20,120,NO
12,jax,2019,1.63,19,132,20,6,20,1.5,20,135,NO
4,mia,2019,1.63,16,92,26,5,25,1.5,15,90,NO
19,nyg,2019,1.72,16,90,33,4,35,1.5,15,90,NO
3,nyj,2019,1.21,21,115,25,7,25,1,20,120,NO
6,pit,2019,1.38,38,111,30,8,30,1.5,40,105,NO
15,rai,2019,1.86,15,128,17,7,15,2,15,135,NO
31,ram,2019,1.98,24,118,24,9,25,2,25,120,NO
16,sdg,2019,2.1,14,103,31,5,30,2,15,105,NO
27,tam,2019,2.12,28,133,41,7,40,2,30,135,NO
20,was,2019,1.53,22,106,21,3,20,1.5,20,105,NO
58,atl,2018,2.4,19,101,18,7,20,2.5,20,105,NO
35,buf,2018,1.39,27,116,32,6,30,1.5,25,120,NO
59,car,2018,2.15,23,92,22,7,20,2,25,90,NO
40,cin,2018,2.03,18,114,17,6,15,2,20,120,NO
39,cle,2018,1.81,31,112,24,7,25,2,30,105,NO
64,crd,2018,1.09,16,101,28,3,30,1,15,105,NO
47,den,2018,1.72,28,125,21,6,20,1.5,30,120,NO
56,det,2018,1.82,14,94,19,6,20,2,15,90,NO
55,gnb,2018,2.04,15,108,15,6,15,2,15,105,NO
44,jax,2018,1.24,17,121,29,5,30,1,15,120,NO
34,mia,2018,1.59,28,108,23,7,25,1.5,30,105,NO
54,min,2018,1.8,20,92,20,8,20,2,20,90,NO
52,nyg,2018,1.97,21,114,19,5,20,2,20,120,NO
36,nyj,2018,1.57,20,114,30,4,30,1.5,20,120,NO
43,oti,2018,1.82,17,82,18,9,20,2,15,75,NO
38,pit,2018,2.23,15,111,26,9,25,2,15,105,NO
48,rai,2018,1.57,17,110,24,4,25,1.5,15,105,NO
63,sfo,2018,1.86,7,112,32,4,30,2,5,105,NO
60,tam,2018,2.15,17,117,35,5,35,2,15,120,NO
51,was,2018,1.61,26,115,19,7,20,1.5,25,120,NO
88,chi,2017,1.32,22,115,22,5,20,1.5,20,120,NO
71,cin,2017,1.46,14,110,23,7,25,1.5,15,105,NO
72,cle,2017,1.22,13,110,41,0,40,1,15,105,NO
75,clt,2017,1.42,20,92,15,4,15,1.5,20,90,NO
95,crd,2017,1.41,21,110,25,8,25,1.5,20,105,NO
82,dal,2017,2.02,21,97,22,9,20,2,20,90,NO
80,den,2017,1.35,17,113,34,5,35,1.5,15,120,NO
86,det,2017,1.96,32,104,22,9,20,2,30,105,NO
87,gnb,2017,1.79,22,96,25,7,25,2,20,90,NO
76,htx,2017,1.63,16,124,28,4,30,1.5,15,120,NO
67,mia,2017,1.36,15,137,29,6,30,1.5,15,135,NO
84,nyg,2017,1.22,19,91,22,3,20,1,20,90,NO
68,nyj,2017,1.5,20,119,24,5,25,1.5,20,120,NO
79,rai,2017,1.69,14,114,28,6,30,1.5,15,120,NO
70,rav,2017,1.84,34,91,17,9,15,2,35,90,NO
78,sdg,2017,1.88,27,108,15,9,15,2,25,105,NO
94,sea,2017,1.71,25,148,17,9,15,1.5,25,150,NO
96,sfo,2017,1.78,20,123,23,6,25,2,20,120,NO
92,tam,2017,1.79,26,104,27,5,25,2,25,105,NO
83,was,2017,1.73,23,92,27,7,25,1.5,25,90,NO
121,atl,2016,2.9,22,104,11,11,10,3,20,105,NO
99,buf,2016,2.14,18,112,12,7,10,2,20,105,NO
120,chi,2016,1.49,11,110,31,3,30,1.5,10,105,NO
104,cle,2016,1.44,13,95,25,1,25,1.5,15,90,NO
107,clt,2016,2.24,17,103,22,8,20,2,15,105,NO
113,dal,2016,2.45,20,105,15,13,15,2.5,20,105,NO
111,den,2016,1.54,27,119,25,9,25,1.5,25,120,NO
108,jax,2016,1.63,13,129,29,3,30,1.5,15,135,NO
98,mia,2016,1.81,25,125,23,10,25,2,25,120,NO
119,min,2016,1.67,27,103,16,8,15,1.5,25,105,NO
123,nor,2016,2.59,21,107,24,7,25,2.5,20,105,NO
100,nyj,2016,1.5,14,93,34,5,35,1.5,15,90,NO
106,oti,2016,2.07,18,110,18,9,20,2,20,105,NO
116,phi,2016,1.85,26,113,20,7,20,2,25,120,NO
127,ram,2016,1.13,18,126,29,4,30,1,20,120,NO
102,rav,2016,1.7,28,125,23,8,25,1.5,30,120,NO
112,sdg,2016,2.09,28,107,35,5,35,2,30,105,NO
128,sfo,2016,1.55,20,99,25,2,25,1.5,20,105,NO
122,tam,2016,1.79,29,109,27,9,25,2,30,105,NO
115,was,2016,2.26,21,110,21,8,20,2.5,20,105,NO
154,atl,2015,1.84,23,100,30,8,30,2,25,105,NO
131,buf,2015,1.95,25,143,19,8,20,2,25,150,NO
152,chi,2015,1.88,17,99,21,6,20,2,15,105,NO
136,cle,2015,1.46,21,120,30,3,30,1.5,20,120,NO
138,clt,2015,1.54,25,108,30,8,30,1.5,25,105,NO
148,dal,2015,1.5,11,112,33,4,35,1.5,10,105,NO
151,det,2015,1.93,19,104,24,7,25,2,20,105,NO
139,jax,2015,1.85,18,105,28,5,30,2,20,105,NO
132,mia,2015,1.52,16,134,19,6,20,1.5,15,135,NO
155,nor,2015,2.14,22,130,20,7,20,2,20,135,NO
147,nyg,2015,2.03,28,102,21,6,20,2,30,105,NO
130,nyj,2015,1.95,30,96,24,10,25,2,30,90,NO
140,oti,2015,1.5,19,93,33,3,35,1.5,20,90,NO
146,phi,2015,1.62,26,104,31,7,30,1.5,25,105,NO
143,rai,2015,1.79,25,139,24,7,25,2,25,135,NO
159,ram,2015,1.29,26,122,22,7,20,1.5,25,120,NO
135,rav,2015,1.62,14,122,28,5,30,1.5,15,120,NO
144,sdg,2015,1.78,20,117,24,4,25,2,20,120,NO
160,sfo,2015,1.28,12,113,17,5,15,1.5,10,120,NO
156,tam,2015,1.85,23,143,28,6,30,2,25,150,NO
187,atl,2014,2.06,28,97,23,6,25,2,30,90,NO
162,buf,2014,1.58,30,124,23,9,25,1.5,30,120,NO
184,chi,2014,1.68,24,113,29,5,30,1.5,25,120,NO
168,cle,2014,1.44,29,116,23,7,25,1.5,30,120,NO
170,htx,2014,1.69,34,94,22,9,20,1.5,35,90,NO
171,jax,2014,1.17,20,73,26,3,25,1,20,75,NO
175,kan,2014,1.93,14,88,17,9,15,2,15,90,NO
163,mia,2014,1.99,25,81,23,8,25,2,25,75,NO
183,min,2014,1.64,19,100,20,7,20,1.5,20,105,NO
186,nor,2014,2.3,17,80,30,7,30,2.5,15,75,NO
179,nyg,2014,1.93,26,101,28,6,30,2,25,105,NO
164,nyj,2014,1.53,13,109,24,4,25,1.5,15,105,NO
172,oti,2014,1.25,16,111,26,2,25,1,15,105,NO
178,phi,2014,1.96,28,115,36,10,35,2,30,120,NO
176,rai,2014,1.21,14,116,29,3,30,1,15,120,NO
192,ram,2014,1.55,25,123,27,6,25,1.5,25,120,NO
174,sdg,2014,1.87,18,111,23,9,25,2,20,105,NO
191,sfo,2014,1.6,29,116,22,8,20,1.5,30,120,NO
188,tam,2014,1.42,25,118,33,2,35,1.5,25,120,NO
180,was,2014,1.58,19,120,31,4,30,1.5,20,120,NO
219,atl,2013,1.85,21,91,28,4,30,2,20,90,NO
196,buf,2013,1.48,30,110,27,6,25,1.5,30,105,NO
214,chi,2013,2.16,28,85,23,8,25,2,30,90,NO
200,cle,2013,1.4,21,104,29,4,30,1.5,20,105,NO
223,crd,2013,1.71,30,96,31,10,30,1.5,30,90,NO
210,dal,2013,2.18,28,102,20,8,20,2,30,105,NO
215,det,2013,1.86,22,110,34,7,35,2,20,105,NO
204,htx,2013,1.29,11,112,31,2,30,1.5,10,105,NO
203,jax,2013,1.18,21,96,27,4,25,1,20,90,NO
195,mia,2013,1.56,24,70,26,8,25,1.5,25,75,NO
216,min,2013,1.87,20,70,32,5,30,2,20,75,NO
211,nyg,2013,1.33,29,91,44,7,45,1.5,30,90,NO
194,nyj,2013,1.4,15,108,29,8,30,1.5,15,105,NO
202,oti,2013,1.85,25,101,25,7,25,2,25,105,NO
198,pit,2013,1.85,20,80,24,8,25,2,20,75,NO
208,rai,2013,1.52,22,116,31,4,30,1.5,20,120,NO
224,ram,2013,1.64,29,123,21,7,20,1.5,30,120,NO
199,rav,2013,1.43,24,112,29,8,30,1.5,25,105,NO
220,tam,2013,1.41,31,121,21,4,20,1.5,30,120,NO
212,was,2013,1.51,26,99,34,3,35,1.5,25,105,NO
228,buf,2012,1.66,21,104,34,6,35,1.5,20,105,NO
250,car,2012,1.91,23,98,22,7,20,2,25,105,NO
247,chi,2012,1.56,44,102,24,10,25,1.5,45,105,NO
232,cle,2012,1.48,29,113,26,5,25,1.5,30,120,NO
256,crd,2012,1.06,33,102,34,5,35,1,35,105,NO
243,dal,2012,1.92,16,117,29,8,30,2,15,120,NO
248,det,2012,1.87,17,103,33,4,35,2,15,105,NO
236,jax,2012,1.28,23,101,26,2,25,1.5,25,105,NO
240,kan,2012,1.09,13,92,37,2,35,1,15,90,NO
226,mia,2012,1.42,16,82,26,7,25,1.5,15,75,NO
251,nor,2012,2.24,26,104,24,7,25,2,25,105,NO
242,nyg,2012,2.31,35,72,21,9,20,2.5,35,75,NO
227,nyj,2012,1.26,23,83,37,6,35,1.5,25,90,NO
235,oti,2012,1.4,24,106,28,6,30,1.5,25,105,NO
244,phi,2012,1.51,13,98,37,4,35,1.5,15,105,NO
231,pit,2012,1.77,20,92,30,8,30,2,20,90,NO
239,rai,2012,1.54,19,108,26,4,25,1.5,20,105,NO
255,ram,2012,1.42,21,130,22,7,20,1.5,20,135,NO
238,sdg,2012,1.58,28,103,26,7,25,1.5,30,105,NO
252,tam,2012,1.89,26,101,23,7,25,2,25,105,NO
260,buf,2011,1.7,31,86,30,6,30,1.5,30,90,NO
283,car,2011,2.21,24,113,23,6,25,2,25,120,NO
279,chi,2011,1.44,31,104,29,8,30,1.5,30,105,NO
264,cle,2011,1.18,20,95,19,4,20,1,20,90,NO
268,clt,2011,1.2,17,76,29,2,30,1,15,75,NO
286,crd,2011,1.45,19,106,32,8,30,1.5,20,105,NO
275,dal,2011,1.96,25,114,21,8,20,2,25,120,NO
267,jax,2011,1.11,28,77,23,5,25,1,30,75,NO
272,kan,2011,1.05,26,110,28,7,30,1,25,105,NO
259,mia,2011,1.62,19,85,25,6,25,1.5,20,90,NO
280,min,2011,1.76,23,109,26,3,25,2,25,105,NO
258,nyj,2011,1.69,31,102,34,8,35,1.5,30,105,NO
266,oti,2011,1.58,23,104,22,9,20,1.5,25,105,NO
274,phi,2011,1.93,24,107,38,8,40,2,25,105,NO
271,rai,2011,1.79,26,163,30,8,30,2,25,165,NO
288,ram,2011,0.89,18,112,23,2,25,1,20,105,NO
270,sdg,2011,2.24,21,91,28,8,30,2,20,90,NO
287,sea,2011,1.44,31,138,23,7,25,1.5,30,135,NO
284,tam,2011,1.44,24,123,40,4,40,1.5,25,120,NO
276,was,2011,1.5,21,91,35,5,35,1.5,20,90,NO
292,buf,2010,1.42,22,82,39,4,40,1.5,20,75,NO
316,car,2010,0.95,29,106,37,2,35,1,30,105,NO
296,cin,2010,1.63,26,90,34,4,35,1.5,25,90,NO
295,cle,2010,1.42,28,78,29,5,30,1.5,30,75,NO
320,crd,2010,1.15,30,108,35,5,35,1,30,105,NO
307,dal,2010,1.9,30,109,30,6,30,2,30,105,NO
304,den,2010,1.69,18,98,27,4,25,1.5,20,105,NO
311,det,2010,1.73,29,136,25,6,25,1.5,30,135,NO
299,htx,2010,2.17,18,90,18,6,20,2,20,90,NO
298,jax,2010,1.95,18,83,33,8,35,2,20,90,NO
291,mia,2010,1.43,19,72,31,7,30,1.5,20,75,NO
312,min,2010,1.38,26,100,37,6,35,1.5,25,105,NO
306,nyg,2010,1.9,39,92,42,10,40,2,40,90,NO
300,oti,2010,1.8,25,128,29,6,30,2,25,135,NO
303,rai,2010,1.76,24,148,26,8,25,2,25,150,NO
318,ram,2010,1.45,26,102,21,7,20,1.5,25,105,NO
302,sdg,2010,2.24,23,84,29,9,30,2,25,90,NO
319,sfo,2010,1.42,22,112,23,6,25,1.5,20,105,NO
315,tam,2010,1.83,28,100,19,10,20,2,30,105,NO
308,was,2010,1.38,27,90,31,6,30,1.5,25,90,NO
346,atl,2009,2.02,28,78,25,9,25,2,30,75,NO
324,buf,2009,1.3,33,107,30,6,30,1.5,35,105,NO
347,car,2009,1.58,37,88,31,8,30,1.5,35,90,NO
343,chi,2009,1.57,28,100,34,7,35,1.5,30,105,NO
328,cle,2009,1.14,19,77,31,5,30,1,20,75,NO
334,den,2009,1.59,30,93,23,8,25,1.5,30,90,NO
344,det,2009,1.23,23,98,41,2,40,1,25,105,NO
330,htx,2009,1.91,27,95,28,9,30,2,25,90,NO
332,jax,2009,1.66,25,70,23,7,25,1.5,25,75,NO
336,kan,2009,1.27,28,84,27,4,25,1.5,30,90,NO
323,mia,2009,1.85,21,78,29,7,30,2,20,75,NO
339,nyg,2009,2.05,24,95,31,8,30,2,25,90,NO
331,oti,2009,1.74,27,98,31,8,30,1.5,25,105,NO
327,pit,2009,1.9,22,85,25,9,25,2,20,90,NO
335,rai,2009,1.02,20,117,33,5,35,1,20,120,NO
352,ram,2009,0.93,20,100,33,1,35,1,20,105,NO
351,sea,2009,1.35,23,95,31,5,30,1.5,25,90,NO
350,sfo,2009,1.54,33,98,24,8,25,1.5,35,105,NO
348,tam,2009,1.08,29,93,34,3,35,1,30,90,NO
340,was,2009,1.56,17,85,28,4,30,1.5,15,90,NO
356,buf,2008,1.7,22,71,30,7,30,1.5,20,75,NO
374,chi,2008,1.63,32,78,27,9,25,1.5,30,75,NO
359,cin,2008,0.99,24,75,26,4,25,1,25,75,NO
360,cle,2008,1.22,31,100,26,4,25,1,30,105,NO
371,dal,2008,1.83,22,120,33,9,35,2,20,120,NO
366,den,2008,2.13,13,77,30,8,30,2,15,75,NO
376,det,2008,1.39,20,88,29,0,30,1.5,20,90,NO
375,gnb,2008,1.98,28,110,21,6,20,2,30,105,NO
363,htx,2008,2,22,80,32,8,30,2,20,75,NO
364,jax,2008,1.63,17,104,24,5,25,1.5,15,105,NO
368,kan,2008,1.53,29,78,24,2,25,1.5,30,75,NO
380,nor,2008,2.49,22,86,26,8,25,2.5,20,90,NO
354,nwe,2008,2.31,22,57,21,11,20,2.5,20,60,NO
355,nyj,2008,2.07,30,77,31,9,30,2,30,75,NO
367,rai,2008,1.21,24,109,23,5,25,1,25,105,NO
384,ram,2008,1.19,26,97,31,2,30,1,25,90,NO
383,sea,2008,1.52,20,79,27,4,25,1.5,20,75,NO
382,sfo,2008,1.68,18,98,35,7,35,1.5,20,105,NO
379,tam,2008,1.66,30,95,26,9,25,1.5,30,90,NO
372,was,2008,1.46,18,83,18,8,20,1.5,20,90,NO
412,atl,2007,1.3,28,105,24,4,25,1.5,30,105,NO
386,buf,2007,1.2,30,78,21,7,20,1,30,75,NO
410,car,2007,1.34,30,95,29,7,30,1.5,30,90,NO
408,chi,2007,1.34,33,111,34,7,35,1.5,35,105,NO
391,cin,2007,1.95,35,90,30,7,30,2,35,90,NO
390,cle,2007,1.94,27,114,29,10,30,2,25,120,NO
414,crd,2007,1.81,29,137,36,8,35,2,30,135,NO
398,den,2007,1.68,30,90,29,7,30,1.5,30,90,NO
407,det,2007,1.65,35,100,36,7,35,1.5,35,105,NO
396,htx,2007,1.9,25,82,38,8,40,2,25,75,NO
399,kan,2007,1.12,22,101,33,4,35,1,20,105,NO
388,mia,2007,1.4,22,91,29,1,30,1.5,20,90,NO
406,min,2007,1.57,31,86,30,8,30,1.5,30,90,NO
411,nor,2007,1.88,23,68,30,7,30,2,25,75,NO
387,nyj,2007,1.37,21,63,25,4,25,1.5,20,60,NO
404,phi,2007,1.86,19,83,27,8,25,2,20,90,NO
400,rai,2007,1.39,26,120,37,4,35,1.5,25,120,NO
416,ram,2007,1.24,27,94,37,3,35,1,25,90,NO
392,rav,2007,1.34,23,107,40,5,40,1.5,25,105,NO
415,sfo,2007,1.04,22,97,34,5,35,1,20,90,NO
443,atl,2006,1.52,26,96,20,7,20,1.5,25,90,NO
419,buf,2006,1.42,24,87,29,7,30,1.5,25,90,NO
442,car,2006,1.29,22,103,27,8,25,1.5,20,105,NO
422,cin,2006,1.96,31,92,24,8,25,2,30,90,NO
424,cle,2006,1.15,27,74,42,4,40,1,25,75,NO
448,crd,2006,1.62,33,117,30,5,30,1.5,35,120,NO
431,den,2006,1.59,30,67,30,9,30,1.5,30,60,NO
440,det,2006,1.61,30,116,39,3,40,1.5,30,120,NO
438,gnb,2006,1.34,33,90,33,8,35,1.5,35,90,NO
428,htx,2006,1.46,22,90,25,6,25,1.5,20,90,NO
427,jax,2006,1.9,24,97,23,8,25,2,25,90,NO
420,mia,2006,1.26,27,90,25,6,25,1.5,25,90,NO
439,min,2006,1.24,36,123,32,6,30,1,35,120,NO
426,oti,2006,1.4,28,94,26,8,25,1.5,30,90,NO
423,pit,2006,1.77,29,69,37,8,35,2,30,75,NO
432,rai,2006,0.77,23,111,46,2,45,1,25,105,NO
446,ram,2006,1.94,32,116,18,8,20,2,30,120,NO
447,sfo,2006,1.5,27,93,32,7,30,1.5,25,90,NO
444,tam,2006,1.01,20,87,32,4,30,1,20,90,NO
436,was,2006,1.62,12,106,17,5,15,1.5,10,105,NO
475,atl,2005,1.71,29,114,29,8,30,1.5,30,120,NO
451,buf,2005,1.44,30,120,26,5,25,1.5,30,120,NO
456,cle,2005,1.2,23,99,30,6,30,1,25,105,NO
479,crd,2005,1.49,26,145,37,5,35,1.5,25,150,NO
467,dal,2005,1.61,26,99,31,9,30,1.5,25,105,NO
471,det,2005,1.3,31,115,30,5,30,1.5,30,120,NO
472,gnb,2005,1.47,21,119,45,4,45,1.5,20,120,NO
460,htx,2005,1.42,16,106,24,2,25,1.5,15,105,NO
462,kan,2005,2.09,31,115,23,10,25,2,30,120,NO
450,mia,2005,1.51,31,132,30,9,30,1.5,30,135,NO
470,min,2005,1.43,35,128,30,9,30,1.5,35,135,NO
476,nor,2005,1.3,19,135,43,3,45,1.5,20,135,NO
452,nyj,2005,1.27,28,98,34,4,35,1.5,30,105,NO
459,oti,2005,1.37,20,125,26,4,25,1.5,20,120,NO
468,phi,2005,1.33,27,134,34,6,35,1.5,25,135,NO
464,rai,2005,1.55,19,147,23,4,25,1.5,20,150,NO
478,ram,2005,1.71,27,131,37,6,35,1.5,25,135,NO
455,rav,2005,1.28,26,139,36,6,35,1.5,25,135,NO
463,sdg,2005,2.28,20,110,28,9,30,2.5,20,105,NO
480,sfo,2005,1.01,26,106,35,4,35,1,25,105,NO
483,buf,2004,1.73,39,121,29,9,30,1.5,40,120,NO
507,car,2004,1.83,38,123,26,7,25,2,40,120,NO
504,chi,2004,0.86,29,124,37,5,35,1,30,120,NO
487,cin,2004,1.68,36,103,32,8,30,1.5,35,105,NO
488,cle,2004,1.32,28,115,40,4,40,1.5,30,120,NO
511,crd,2004,1.35,30,124,29,6,30,1.5,30,120,NO
499,dal,2004,1.56,22,105,37,6,35,1.5,20,105,NO
503,det,2004,1.35,24,121,20,6,20,1.5,25,120,NO
491,htx,2004,1.55,30,106,25,7,25,1.5,30,105,NO
490,jax,2004,1.43,28,109,22,9,20,1.5,30,105,NO
495,kan,2004,2.51,21,117,27,7,25,2.5,20,120,NO
484,mia,2004,1.24,25,112,42,4,40,1,25,105,NO
506,nor,2004,1.65,33,129,26,8,25,1.5,35,135,NO
498,nyg,2004,1.52,28,118,24,6,25,1.5,30,120,NO
492,oti,2004,1.65,30,110,31,5,30,1.5,30,105,NO
496,rai,2004,1.7,18,134,35,5,35,1.5,20,135,NO
486,rav,2004,1.33,34,94,23,9,25,1.5,35,90,NO
512,sfo,2004,1.18,21,103,40,2,40,1,20,105,NO
508,tam,2004,1.42,27,117,36,5,35,1.5,25,120,NO
500,was,2004,1.14,26,115,27,6,25,1,25,120,NO
540,atl,2003,1.36,31,90,31,5,30,1.5,30,90,NO
515,buf,2003,1.17,18,106,34,6,35,1,20,105,NO
535,chi,2003,1.36,20,92,29,7,30,1.5,20,90,NO
518,cin,2003,1.84,24,107,22,8,20,2,25,105,NO
520,cle,2003,1.36,22,98,33,5,35,1.5,20,105,NO
544,crd,2003,1.16,23,98,36,4,35,1,25,105,NO
536,det,2003,1.16,28,107,28,5,30,1,30,105,NO
524,htx,2003,1.33,22,121,27,5,25,1.5,20,120,NO
523,jax,2003,1.48,27,108,31,5,30,1.5,25,105,NO
514,mia,2003,1.51,36,103,34,10,35,1.5,35,105,NO
534,min,2003,2.09,35,127,24,9,25,2,35,120,NO
538,nor,2003,1.71,27,103,28,8,30,1.5,25,105,NO
532,nyg,2003,1.09,22,127,38,4,40,1,20,120,NO
516,nyj,2003,1.63,20,69,20,6,20,1.5,20,75,NO
519,pit,2003,1.42,25,111,28,6,30,1.5,25,105,NO
527,rai,2003,1.24,25,134,26,4,25,1,25,135,NO
528,sdg,2003,1.59,20,126,31,4,30,1.5,20,120,NO
543,sfo,2003,1.92,37,104,25,7,25,2,35,105,NO
539,tam,2003,1.45,33,117,31,7,30,1.5,35,120,NO
531,was,2003,1.46,30,124,28,5,30,1.5,30,120,NO
548,buf,2002,1.97,19,112,31,8,30,2,20,105,NO
572,car,2002,1.08,33,94,40,7,40,1,35,90,NO
567,chi,2002,1.39,28,95,35,4,35,1.5,30,90,NO
552,cin,2002,1.39,20,99,35,2,35,1.5,20,105,NO
576,crd,2002,1.28,25,76,35,5,35,1.5,25,75,NO
564,dal,2002,0.9,30,105,34,5,35,1,30,105,NO
558,den,2002,2.06,22,104,27,9,25,2,20,105,NO
568,det,2002,1.35,24,104,31,3,30,1.5,25,105,NO
556,htx,2002,0.85,21,136,29,4,30,1,20,135,NO
555,jax,2002,1.78,27,89,15,6,15,2,25,90,NO
560,kan,2002,2.47,31,75,15,8,15,2.5,30,75,NO
547,mia,2002,1.92,30,103,30,9,30,2,30,105,NO
566,min,2002,2.01,23,137,41,6,40,2,25,135,NO
571,nor,2002,2.05,38,119,30,9,30,2,40,120,NO
546,nwe,2002,1.84,29,108,24,9,25,2,30,105,NO
574,ram,2002,1.6,26,120,45,7,45,1.5,25,120,NO
551,rav,2002,1.48,31,101,32,7,30,1.5,30,105,NO
559,sdg,2002,1.6,27,100,24,8,25,1.5,25,105,NO
575,sea,2002,1.79,30,100,28,7,30,2,30,105,NO
563,was,2002,1.45,26,116,40,7,40,1.5,25,120,NO
606,atl,2001,1.51,30,90,28,7,30,1.5,30,90,NO
581,buf,2001,1.32,19,123,33,3,35,1.5,20,120,NO
607,car,2001,1.11,36,87,35,1,35,1,35,90,NO
587,cin,2001,1.09,28,103,37,6,35,1,30,105,NO
584,cle,2001,1.27,42,94,33,7,35,1.5,40,90,NO
580,clt,2001,1.97,25,76,38,6,40,2,25,75,NO
596,crd,2001,1.44,24,72,27,7,25,1.5,25,75,NO
597,dal,2001,1.17,25,91,34,5,35,1,25,90,NO
590,den,2001,1.66,37,95,27,8,25,1.5,35,90,NO
602,det,2001,1.3,22,116,38,2,40,1.5,20,120,NO
586,jax,2001,1.41,24,97,27,6,25,1.5,25,90,NO
591,kan,2001,1.64,26,68,33,6,35,1.5,25,75,NO
601,min,2001,1.52,18,109,39,5,40,1.5,20,105,NO
605,nor,2001,1.66,30,119,35,7,35,1.5,30,120,NO
595,nyg,2001,1.42,28,97,29,7,30,1.5,30,90,NO
585,oti,2001,1.56,24,119,28,7,30,1.5,25,120,NO
592,sdg,2001,1.51,31,97,29,5,30,1.5,30,90,NO
589,sea,2001,1.44,27,66,21,9,20,1.5,25,60,NO
594,was,2001,1.24,34,104,28,8,30,1,35,105,NO
638,atl,2000,1.17,25,97,34,4,35,1,25,90,NO
611,buf,2000,1.51,29,101,23,8,25,1.5,30,105,NO
636,car,2000,1.56,38,84,35,7,35,1.5,40,90,NO
633,chi,2000,0.97,20,90,29,5,30,1,20,90,NO
617,cin,2000,0.89,21,99,35,4,35,1,20,105,NO
618,cle,2000,0.81,25,103,28,3,30,1,25,105,NO
628,crd,2000,1.15,20,96,44,3,45,1,20,90,NO
627,dal,2000,1.49,25,108,39,5,40,1.5,25,105,NO
632,det,2000,1.38,42,106,31,9,30,1.5,40,105,NO
631,gnb,2000,1.72,28,88,33,9,35,1.5,30,90,NO
616,jax,2000,1.85,30,95,29,7,30,2,30,90,NO
621,kan,2000,1.78,29,118,26,7,25,2,30,120,NO
612,nwe,2000,1.38,23,99,25,5,25,1.5,25,105,NO
610,nyj,2000,1.5,35,76,40,9,40,1.5,35,75,NO
615,pit,2000,1.54,35,81,21,9,20,1.5,35,75,NO
623,sdg,2000,1.15,22,121,50,1,50,1,20,120,NO
622,sea,2000,1.56,29,89,38,6,40,1.5,30,90,NO
637,sfo,2000,2.07,21,134,19,6,20,2,20,135,NO
626,was,2000,1.48,33,115,33,8,35,1.5,35,120,NO
667,atl,1999,1.42,18,110,35,5,35,1.5,20,105,NO
666,car,1999,2.14,29,106,34,8,35,2,30,105,NO
664,chi,1999,1.27,33,117,37,6,35,1.5,35,120,NO
648,cin,1999,1.33,27,126,32,4,30,1.5,25,120,NO
649,cle,1999,1.2,20,92,31,2,30,1,20,90,NO
658,crd,1999,1.09,27,70,40,6,40,1,25,75,NO
654,den,1999,1.49,26,114,28,6,30,1.5,25,120,NO
663,gnb,1999,1.69,41,100,36,8,35,1.5,40,105,NO
651,kan,1999,1.5,45,126,24,9,25,1.5,45,120,NO
669,nor,1999,1.22,34,110,39,3,40,1,35,105,NO
643,nwe,1999,1.33,31,95,33,8,35,1.5,30,90,NO
657,nyg,1999,1.37,24,98,32,7,30,1.5,25,105,NO
642,nyj,1999,1.49,35,87,22,8,20,1.5,35,90,NO
659,phi,1999,1.09,46,102,39,5,40,1,45,105,NO
647,pit,1999,1.53,28,119,25,6,25,1.5,30,120,NO
653,rai,1999,1.9,33,98,29,8,30,2,35,105,NO
646,rav,1999,1.35,31,125,31,8,30,1.5,30,120,NO
652,sdg,1999,1.26,27,104,35,8,35,1.5,25,105,NO
668,sfo,1999,1.42,20,120,32,4,30,1.5,20,120,NO
2,buf,2019,1.66,23,117,19,10,20,1.5,25,120,YES
21,gnb,2019,2.1,25,100,13,13,15,2,25,105,YES
9,htx,2019,2.19,22,111,22,10,20,2,20,105,YES
13,kan,2019,2.62,23,107,15,12,15,2.5,25,105,YES
22,min,2019,2.3,31,96,20,10,20,2.5,30,90,YES
25,nor,2019,2.54,23,120,8,13,10,2.5,25,120,YES
1,nwe,2019,1.99,36,94,15,12,15,2,35,90,YES
10,oti,2019,2.04,23,99,17,9,15,2,25,105,YES
17,phi,2019,2.01,20,100,23,9,25,2,20,105,YES
5,rav,2019,2.96,25,109,15,14,15,3,25,105,YES
30,sea,2019,2.09,32,109,20,11,20,2,30,105,YES
29,sfo,2019,2.44,27,105,23,13,25,2.5,25,105,YES
53,chi,2018,2.07,36,97,24,12,25,2,35,90,YES
42,clt,2018,2.38,26,120,24,10,25,2.5,25,120,YES
49,dal,2018,1.96,20,104,17,10,15,2,20,105,YES
41,htx,2018,2.03,29,105,16,11,15,2,30,105,YES
45,kan,2018,3.12,27,137,18,12,20,3,25,135,YES
57,nor,2018,2.96,24,94,16,13,15,3,25,90,YES
33,nwe,2018,2.27,28,93,18,11,20,2.5,30,90,YES
50,phi,2018,2.07,17,100,23,9,25,2,15,105,YES
61,ram,2018,2.66,30,96,19,13,20,2.5,30,90,YES
37,rav,2018,2.06,17,116,20,10,20,2,15,120,YES
46,sdg,2018,2.4,20,113,19,12,20,2.5,20,120,YES
62,sea,2018,2.3,26,111,11,10,10,2.5,25,105,YES
91,atl,2017,2.06,16,102,18,10,20,2,15,105,YES
66,buf,2017,1.57,25,98,16,9,15,1.5,25,105,YES
90,car,2017,1.97,21,83,22,11,20,2,20,90,YES
73,jax,2017,1.82,33,112,23,10,25,2,35,105,YES
77,kan,2017,2.21,26,118,11,10,10,2,25,120,YES
85,min,2017,2.03,19,100,14,13,15,2,20,105,YES
89,nor,2017,2.41,25,105,18,11,20,2.5,25,105,YES
65,nwe,2017,2.61,18,95,12,13,10,2.5,20,90,YES
74,oti,2017,1.72,21,85,25,9,25,1.5,20,90,YES
81,phi,2017,2.21,31,116,20,13,20,2,30,120,YES
69,pit,2017,2.23,22,101,20,13,20,2,20,105,YES
93,ram,2017,2.33,28,107,21,11,20,2.5,30,105,YES
124,car,2016,1.81,27,98,29,6,30,2,25,105,YES
103,cin,2016,1.87,20,88,17,6,15,2,20,90,YES
126,crd,2016,2.03,28,104,28,7,30,2,30,105,YES
118,det,2016,2.08,14,100,15,9,15,2,15,105,YES
117,gnb,2016,2.47,25,100,17,10,15,2.5,25,105,YES
105,htx,2016,1.44,17,87,24,9,25,1.5,15,90,YES
109,kan,2016,1.9,33,109,17,12,15,2,35,105,YES
97,nwe,2016,2.41,23,93,11,14,10,2.5,25,90,YES
114,nyg,2016,1.49,25,88,27,11,25,1.5,25,90,YES
101,pit,2016,2.16,23,112,18,11,20,2,25,105,YES
110,rai,2016,2.11,30,147,14,12,15,2,30,150,YES
125,sea,2016,1.9,19,117,18,10,20,2,20,120,YES
153,car,2015,2.4,39,103,19,15,20,2.5,40,105,YES
133,cin,2015,2.26,28,111,17,12,15,2.5,30,105,YES
157,crd,2015,2.37,33,94,24,13,25,2.5,35,90,YES
141,den,2015,1.58,27,115,31,12,30,1.5,25,120,YES
150,gnb,2015,1.83,22,105,17,10,15,2,20,105,YES
137,htx,2015,1.57,25,107,20,9,20,1.5,25,105,YES
142,kan,2015,1.99,29,104,15,11,15,2,30,105,YES
149,min,2015,1.9,22,88,17,11,15,2,20,90,YES
129,nwe,2015,2.34,21,96,14,12,15,2.5,20,90,YES
134,pit,2015,2.1,30,94,28,10,30,2,30,90,YES
158,sea,2015,2.27,23,117,16,10,15,2.5,25,120,YES
145,was,2015,1.95,27,105,22,9,20,2,25,105,YES
185,car,2014,1.79,26,83,23,7,25,2,25,90,YES
166,cin,2014,1.84,26,102,26,10,25,2,25,105,YES
169,clt,2014,2.18,26,105,31,11,30,2,25,105,YES
190,crd,2014,1.52,25,91,17,11,15,1.5,25,90,YES
177,dal,2014,2.49,31,105,25,12,25,2.5,30,105,YES
173,den,2014,2.31,25,120,20,12,20,2.5,25,120,YES
182,det,2014,1.71,27,118,20,11,20,1.5,25,120,YES
181,gnb,2014,2.63,27,92,13,12,15,2.5,25,90,YES
161,nwe,2014,2.4,25,120,13,12,15,2.5,25,120,YES
165,pit,2014,2.23,21,103,21,11,20,2,20,105,YES
167,rav,2014,2.13,22,111,20,10,20,2,20,105,YES
189,sea,2014,2.13,24,130,14,12,15,2,25,135,YES
217,car,2013,1.99,30,80,19,12,20,2,30,75,YES
197,cin,2013,1.91,31,102,30,11,30,2,30,105,YES
201,clt,2013,1.97,27,66,14,11,15,2,25,60,YES
205,den,2013,2.83,26,117,26,13,25,3,25,120,YES
213,gnb,2013,2.15,22,86,25,8,25,2,20,90,YES
206,kan,2013,1.79,36,101,18,11,20,2,35,105,YES
218,nor,2013,2.29,19,95,19,11,20,2.5,20,90,YES
193,nwe,2013,2.1,29,69,20,12,20,2,30,75,YES
209,phi,2013,2.12,31,95,19,10,20,2,30,90,YES
207,sdg,2013,2.33,17,95,21,9,20,2.5,15,90,YES
221,sea,2013,2.12,39,128,19,13,20,2,40,135,YES
222,sfo,2013,1.96,30,103,18,12,20,2,30,105,YES
249,atl,2012,2.33,31,55,18,13,20,2.5,30,60,YES
230,cin,2012,1.86,30,99,26,10,25,2,30,105,YES
234,clt,2012,1.76,15,94,27,11,25,2,15,90,YES
237,den,2012,2.24,24,100,25,13,25,2,25,105,YES
245,gnb,2012,2.18,23,103,16,11,15,2,25,105,YES
233,htx,2012,1.88,29,108,17,12,15,2,30,105,YES
246,min,2012,1.88,22,90,23,10,25,2,20,90,YES
225,nwe,2012,2.74,41,97,16,12,15,2.5,40,90,YES
229,rav,2012,1.88,25,121,16,10,15,2,25,120,YES
254,sea,2012,2.19,31,110,18,11,20,2,30,105,YES
253,sfo,2012,2.1,25,109,16,11,15,2,25,105,YES
241,was,2012,2.23,31,116,14,10,15,2,30,120,YES
282,atl,2011,2.04,29,93,21,10,20,2,30,90,YES
263,cin,2011,1.6,22,99,22,9,20,1.5,20,105,YES
269,den,2011,1.34,18,101,30,8,30,1.5,20,105,YES
278,det,2011,2.14,34,128,23,10,25,2,35,135,YES
277,gnb,2011,2.85,38,76,14,15,15,3,40,75,YES
265,htx,2011,1.93,27,99,20,10,20,2,25,105,YES
281,nor,2011,2.96,16,99,19,13,20,3,15,105,YES
257,nwe,2011,2.68,34,87,17,13,15,2.5,35,90,YES
273,nyg,2011,1.9,31,94,24,9,25,2,30,90,YES
262,pit,2011,1.83,15,101,28,12,30,2,15,105,YES
261,rav,2011,1.84,26,92,24,12,25,2,25,90,YES
285,sfo,2011,1.85,38,113,10,13,10,2,40,120,YES
313,atl,2010,2.12,31,58,17,13,15,2,30,60,YES
309,chi,2010,1.55,35,91,31,11,30,1.5,35,90,YES
297,clt,2010,2.23,21,79,25,10,25,2,20,75,YES
310,gnb,2010,1.97,32,78,22,10,20,2,30,75,YES
301,kan,2010,1.77,23,90,14,10,15,2,25,90,YES
314,nor,2010,2.12,25,90,31,11,30,2,25,90,YES
289,nwe,2010,2.76,38,83,10,14,10,3,40,90,YES
290,nyj,2010,1.65,30,103,21,11,20,1.5,30,105,YES
305,phi,2010,2.13,34,129,25,10,25,2,35,135,YES
293,pit,2010,1.93,35,100,18,12,20,2,35,105,YES
294,rav,2010,1.75,27,90,20,12,20,2,25,90,YES
317,sea,2010,1.35,22,101,31,7,30,1.5,20,105,YES
325,cin,2009,1.58,25,114,25,10,25,1.5,25,120,YES
329,clt,2009,2.29,26,74,24,14,25,2.5,25,75,YES
349,crd,2009,1.78,29,108,36,10,35,2,30,105,YES
337,dal,2009,1.9,21,115,19,11,20,2,20,120,YES
342,gnb,2009,2.26,40,118,16,11,15,2.5,40,120,YES
341,min,2009,2.39,24,101,18,12,20,2.5,25,105,YES
345,nor,2009,2.44,39,89,28,13,30,2.5,40,90,YES
321,nwe,2009,2.29,28,81,22,10,20,2.5,30,75,YES
322,nyj,2009,1.62,31,88,30,9,30,1.5,30,90,YES
338,phi,2009,1.99,38,115,23,11,25,2,40,120,YES
326,rav,2009,1.99,32,115,22,9,20,2,30,120,YES
333,sdg,2009,2.46,25,78,17,13,15,2.5,25,75,YES
378,atl,2008,2.11,18,71,21,11,20,2,20,75,YES
377,car,2008,2.08,25,94,19,12,20,2,25,90,YES
362,clt,2008,2.31,26,86,17,12,15,2.5,25,90,YES
381,crd,2008,2.19,30,107,30,9,30,2,30,105,YES
353,mia,2008,1.89,30,81,13,11,15,2,30,75,YES
373,min,2008,1.82,25,90,31,10,30,2,25,90,YES
369,nyg,2008,2.26,22,102,13,12,15,2.5,20,105,YES
361,oti,2008,1.81,31,108,17,13,15,2,30,105,YES
370,phi,2008,1.83,29,74,26,9,25,2,30,75,YES
357,pit,2008,1.72,29,95,25,12,25,1.5,30,90,YES
358,rav,2008,1.73,34,103,21,11,20,1.5,35,105,YES
365,sdg,2008,2.41,24,95,20,8,20,2.5,25,90,YES
393,clt,2007,2.57,37,67,19,13,20,2.5,35,60,YES
401,dal,2007,2.35,29,104,24,13,25,2.5,30,105,YES
405,gnb,2007,2.07,28,113,24,13,25,2,30,120,YES
394,jax,2007,2.28,30,76,21,11,20,2.5,30,75,YES
385,nwe,2007,3.19,31,78,15,16,15,3,30,75,YES
402,nyg,2007,1.77,25,77,34,10,35,2,25,75,YES
395,oti,2007,1.52,34,101,34,10,35,1.5,35,105,YES
389,pit,2007,2.11,25,80,22,10,20,2,25,75,YES
397,sdg,2007,1.88,48,94,24,11,25,2,50,90,YES
413,sea,2007,1.77,34,59,24,10,25,2,35,60,YES
409,tam,2007,1.7,35,81,20,9,20,1.5,35,75,YES
403,was,2007,1.65,24,90,29,9,30,1.5,25,90,YES
437,chi,2006,1.8,44,112,36,13,35,2,45,105,YES
425,clt,2006,2.65,26,86,19,12,20,2.5,25,90,YES
434,dal,2006,2.21,31,100,30,9,30,2,30,105,YES
430,kan,2006,1.74,30,76,26,9,25,1.5,30,75,YES
441,nor,2006,2.09,19,79,23,10,25,2,20,75,YES
417,nwe,2006,1.98,35,98,27,12,25,2,35,105,YES
435,nyg,2006,1.8,28,101,28,8,30,2,30,105,YES
418,nyj,2006,1.68,25,70,25,10,25,1.5,25,75,YES
433,phi,2006,1.98,29,112,24,10,25,2,30,105,YES
421,rav,2006,1.6,40,109,23,13,25,1.5,40,105,YES
429,sdg,2006,2.47,28,90,15,14,15,2.5,30,90,YES
445,sea,2006,1.59,26,94,34,9,35,1.5,25,90,YES
474,car,2005,1.96,42,91,26,11,25,2,40,90,YES
469,chi,2005,1.13,34,105,28,11,30,1,35,105,YES
453,cin,2005,2.31,44,110,20,11,20,2.5,45,105,YES
457,clt,2005,2.5,31,94,19,14,20,2.5,30,90,YES
461,den,2005,2.01,36,97,16,13,15,2,35,90,YES
458,jax,2005,1.77,28,121,17,12,15,2,30,120,YES
449,nwe,2005,2,18,110,24,10,25,2,20,105,YES
465,nyg,2005,1.95,37,143,25,11,25,2,35,150,YES
454,pit,2005,2,30,99,23,11,25,2,30,105,YES
477,sea,2005,2.34,27,94,17,13,15,2.5,25,90,YES
473,tam,2005,1.45,30,131,23,11,25,1.5,30,135,YES
466,was,2005,1.72,28,108,27,10,25,1.5,30,105,YES
505,atl,2004,1.63,32,109,30,11,30,1.5,30,105,YES
489,clt,2004,2.78,36,106,17,12,15,3,35,105,YES
494,den,2004,1.92,20,93,29,10,30,2,20,90,YES
501,gnb,2004,2.13,15,116,29,10,30,2,15,120,YES
502,min,2004,2.29,22,117,21,8,20,2.5,20,120,YES
481,nwe,2004,2.25,36,101,27,14,25,2,35,105,YES
482,nyj,2004,1.78,33,91,16,10,15,2,35,90,YES
497,phi,2004,1.95,28,124,22,13,20,2,30,120,YES
485,pit,2004,1.88,32,99,21,15,20,2,30,105,YES
510,ram,2004,1.69,15,127,39,8,40,1.5,15,120,YES
493,sdg,2004,2.41,33,108,18,12,20,2.5,35,105,YES
509,sea,2004,1.81,35,79,27,9,25,2,35,75,YES
537,car,2003,1.5,26,116,31,11,30,1.5,25,120,YES
521,clt,2003,2.41,30,92,20,12,20,2.5,30,90,YES
530,dal,2003,1.31,25,98,29,10,30,1.5,25,105,YES
526,den,2003,1.95,20,107,24,10,25,2,20,105,YES
533,gnb,2003,2.18,32,88,32,10,30,2,30,90,YES
525,kan,2003,2.34,37,79,18,13,20,2.5,35,75,YES
513,nwe,2003,1.47,41,111,24,14,25,1.5,40,105,YES
522,oti,2003,2.07,34,110,21,12,20,2,35,105,YES
529,phi,2003,1.88,26,96,22,12,20,2,25,90,YES
541,ram,2003,2.09,46,92,39,12,40,2,45,90,YES
517,rav,2003,1.6,41,126,38,10,40,1.5,40,120,YES
542,sea,2003,2.06,28,91,29,10,30,2,30,90,YES
570,atl,2002,2.03,39,105,27,9,25,2,40,105,YES
550,cle,2002,1.7,29,107,31,9,30,1.5,30,105,YES
554,clt,2002,1.87,27,91,32,10,30,2,25,90,YES
565,gnb,2002,1.87,45,108,28,12,30,2,45,105,YES
562,nyg,2002,1.63,25,113,27,10,25,1.5,25,120,YES
545,nyj,2002,1.96,23,79,19,9,20,2,25,75,YES
553,oti,2002,1.87,29,112,25,11,25,2,30,105,YES
561,phi,2002,1.92,38,111,24,12,25,2,40,105,YES
549,pit,2002,1.91,36,90,36,10,35,2,35,90,YES
557,rai,2002,2.38,31,129,19,11,20,2.5,30,135,YES
573,sfo,2002,2.03,27,87,17,10,15,2,25,90,YES
569,tam,2002,1.6,38,103,21,12,20,1.5,40,105,YES
598,chi,2001,1.55,37,63,24,13,25,1.5,35,60,YES
599,gnb,2001,1.85,39,80,27,12,25,2,40,75,YES
578,mia,2001,1.66,28,107,38,11,40,1.5,30,105,YES
577,nwe,2001,1.75,35,92,28,11,30,2,35,90,YES
579,nyj,2001,1.52,39,62,21,10,20,1.5,40,60,YES
593,phi,2001,1.54,33,100,24,11,25,1.5,35,105,YES
582,pit,2001,1.76,28,86,21,13,20,2,30,90,YES
588,rai,2001,1.97,24,107,25,10,25,2,25,105,YES
603,ram,2001,2.57,34,107,44,14,45,2.5,35,105,YES
583,rav,2001,1.45,28,89,36,10,35,1.5,30,90,YES
604,sfo,2001,2.14,34,82,19,12,20,2,35,75,YES
600,tam,2001,1.6,39,77,22,9,20,1.5,40,75,YES
609,clt,2000,2.27,22,89,29,10,30,2.5,20,90,YES
620,den,2000,2.15,44,89,25,11,25,2,45,90,YES
608,mia,2000,1.56,41,115,26,11,25,1.5,40,120,YES
629,min,2000,2.27,18,106,28,11,30,2.5,20,105,YES
634,nor,2000,1.76,35,124,26,10,25,2,35,120,YES
624,nyg,2000,1.68,31,91,24,12,25,1.5,30,90,YES
613,oti,2000,1.57,30,107,30,13,30,1.5,30,105,YES
625,phi,2000,1.72,31,113,29,11,30,1.5,30,120,YES
619,rai,2000,2.25,37,118,20,12,20,2,35,120,YES
635,ram,2000,2.76,25,111,35,10,35,3,25,105,YES
614,rav,2000,1.58,49,95,26,12,25,1.5,50,90,YES
630,tam,2000,1.71,41,82,24,10,25,1.5,40,75,YES
640,buf,1999,1.61,21,97,27,11,25,1.5,20,90,YES
639,clt,1999,2.13,23,81,28,13,30,2,25,75,YES
656,dal,1999,1.56,33,136,23,8,25,1.5,35,135,YES
662,det,1999,1.5,32,110,22,8,20,1.5,30,105,YES
644,jax,1999,1.84,30,90,18,14,20,2,30,90,YES
641,mia,1999,1.51,28,111,34,9,35,1.5,30,105,YES
661,min,1999,2,30,114,40,10,40,2,30,120,YES
645,oti,1999,1.78,40,114,22,13,20,2,40,120,YES
665,ram,1999,2.37,36,113,31,13,30,2.5,35,120,YES
650,sea,1999,1.59,36,98,33,9,35,1.5,35,105,YES
660,tam,1999,1.24,31,75,35,11,35,1,30,75,YES
655,was,1999,2.02,37,104,25,10,25,2,35,105,YES
